<?xml version="1.0" encoding="UTF-8" ?>
<!DOCTYPE mapper
        PUBLIC "-//mybatis.org//DTD Mapper 3.0//EN"
        "http://mybatis.org/dtd/mybatis-3-mapper.dtd">
<mapper namespace="com.ssafy.edu.vue">
	<select id="findAllBoards" resultType="com.ssafy.edu.vue.dto.BoardDto">
		select seq, title, content, writer, wdate from board_tb order by seq
	</select>

	<insert id="writeBoard" parameterType="com.ssafy.edu.vue.dto.BoardDto">
		insert into board_tb(title, content, writer, wdate) values(#{title}, #{content}, #{writer}, sysdate())
	</insert>
	
	<select resultType="java.lang.Integer" id="findAfterAdd">
		select max(seq) from board_tb 
	</select>
	
	<select id="findBoardBySeq" parameterType="java.lang.Integer" resultType="com.ssafy.edu.vue.dto.BoardDto">
		select seq, title, content, writer, wdate from board_tb where seq=#{seq}
	</select>
	
	<delete id="deleteBoard" parameterType="java.lang.Integer">
		delete from board_tb where seq=#{seq}
	</delete>
	
	<update id="updateBoard" parameterType="com.ssafy.edu.vue.dto.BoardDto">
		update board_tb set title=#{title}, content=#{content}, writer=#{writer}, wdate=#{wdate}
		where seq=#{seq}
	</update>
</mapper>
